Dish Name,Price,Url_of_the_food_Item
High Protein English Breakfast,₹149,https://www.freshmenu.com/continental_high_protein_english_breakfast/product/10340
Great Brit English Breakfast,₹149,https://www.freshmenu.com/continental_great_brit_english_breakfast/product/14088
Full English Breakfast,₹149,https://www.freshmenu.com/continental_full_english_breakfast/product/14089
Smoked Sausages with Hashbrown,₹149,https://www.freshmenu.com/continental_smoked_sausages_with_hashbrown/product/10933
The Muscle Multiplier,₹149,https://www.freshmenu.com/continental_the_muscle_multiplier/product/13267
The V-King,₹149,https://www.freshmenu.com/continental_the_v_king/product/13244
Fresh Fruit Bowl,₹149,https://www.freshmenu.com/universal_fresh_fruit_bowl/product/12227
The Sprinter,₹149,https://www.freshmenu.com/continental_the_sprinter/product/13254
Cheese French Toast Combo,₹149,https://www.freshmenu.com/continental_cheese_french_toast_combo/product/13377
Classic French Toast Combo,₹149,https://www.freshmenu.com/continental_classic_french_toast_combo/product/13378
Scrambled Egg Sausage Brekkie,₹149,https://www.freshmenu.com/continental_scrambled_egg_sausage_brekkie/product/13106
The Sausagaddict,₹149,https://www.freshmenu.com/continental_the_sausagaddict/product/13248
The NV King,₹149,https://www.freshmenu.com/continental_the_nv_king/product/13242
The Greenhouse,₹149,https://www.freshmenu.com/continental_the_greenhouse/product/13250
The Coach Breakfast,₹149,https://www.freshmenu.com/continental_the_coach_breakfast/product/13256
Paneer Power Breakfast,₹149,https://www.freshmenu.com/continental_paneer_power_breakfast/product/13375
Power Up Breakfast,₹149,https://www.freshmenu.com/continental_power_up_breakfast/product/13252
Kothu Chicken Scrambled Eggs Combo,₹149,https://www.freshmenu.com/continental_kothu_chicken_scrambled_eggs_combo/product/14651
PeriPeri Chicken Scrambled Eggs Combo,₹149,https://www.freshmenu.com/continental_periperi_chicken_scrambled_eggs_combo/product/14645
Spinach Mushroom Scrambled Eggs Combo,₹149,https://www.freshmenu.com/continental_spinach_mushroom_scrambled_eggs_combo/product/14648
Jalapeno Corn Scrambled Eggs Combo,₹149,https://www.freshmenu.com/continental_jalapeno_corn_scrambled_eggs_combo/product/14653
Mexican Pulled Chicken Sandwich Combo,₹149,https://www.freshmenu.com/continental_mexican_pulled_chicken_sandwich_combo/product/14661
Kothu Chicken Sandwich Combo,₹149,https://www.freshmenu.com/continental_kothu_chicken_sandwich_combo/product/14657
Peri Peri Pulled Chicken Sandy Combo,₹149,https://www.freshmenu.com/continental_peri_peri_pulled_chicken_sandy_combo/product/14659
Bbq Pulled Chicken Sandy Combo,₹149,https://www.freshmenu.com/continental_bbq_pulled_chicken_sandy_combo/product/14655
Roast Chicken Russian Omelette,₹149,https://www.freshmenu.com/continental_roast_chicken_russian_omelette/product/12442
Masala Omelette,₹149,https://www.freshmenu.com/fusion_masala_omelette/product/11963
Meaty Omelette,₹149,https://www.freshmenu.com/fusion_meaty_omelette/product/11965
Tex Mex Meaty Omelette,₹149,https://www.freshmenu.com/fusion_tex_mex_meaty_omelette/product/10888
Iron-Man Omelette,₹149,https://www.freshmenu.com/continental_iron_man_omelette/product/13738
Kothu Chicken Omelette,₹149,https://www.freshmenu.com/continental_kothu_chicken_omelette/product/14665
Creamy Chicken Omelette,₹149,https://www.freshmenu.com/continental_creamy_chicken_omelette/product/12551
High-Protein Chicken Omelette,₹149,https://www.freshmenu.com/continental_high_protein_chicken_omelette/product/13739
Scallion Cheese Omelette,₹149,https://www.freshmenu.com/continental_scallion_cheese_omelette/product/14667
Brocolli And Cheese Omelette,₹149,https://www.freshmenu.com/continental_brocolli_and_cheese_omelette/product/14663
Smoked-Chicken and Cheese Omelette,₹149,https://www.freshmenu.com/continental_smoked_chicken_and_cheese_omelette/product/13717
Chicken Maryland,₹149,https://www.freshmenu.com/mexican_chicken_maryland/product/12974
Ultimate Burrito Bowl,₹149,https://www.freshmenu.com/mexican_ultimate_burrito_bowl/product/10334
Mexican Burrito Bowl,₹149,https://www.freshmenu.com/mexican_mexican_burrito_bowl/product/10332
Mushroom Veloute Chicken Rice Bowl,₹149,https://www.freshmenu.com/continental_mushroom_veloute_chicken_rice_bowl/product/14489
Signature Roast Chicken Rice Bowl,₹149,https://www.freshmenu.com/continental_signature_roast_chicken_rice_bowl/product/12949
Crispy Fried Chicken Rice Bowl,₹149,https://www.freshmenu.com/mexican_crispy_fried_chicken_rice_bowl/product/12028
Veg Manchurian Fried Rice Bowl,₹149,https://www.freshmenu.com/asian_veg_manchurian_fried_rice_bowl/product/12775
Schezwan Chicken Rice Bowl,₹149,https://www.freshmenu.com/pan_asian_schezwan_chicken_rice_bowl/product/10379
Paneer Tikka Rice Bowl,₹149,https://www.freshmenu.com/japanese_teriyaki_chicken_rice_bowl/product/10372
Gomashio Crispy Chicken Rice Bowl,₹149,https://www.freshmenu.com/japanese_teriyaki_chicken_rice_bowl/product/10372
Rooster Chicken Rice Bowl,₹149,https://www.freshmenu.com/indian_paneer_tikka_rice_bowl/product/12021
Korean Fried Chicken Rice Bowl,₹149,https://www.freshmenu.com/asian_gomashio_crispy_chicken_rice_bowl/product/12801
Chilli Paneer Rice Bowl,₹149,https://www.freshmenu.com/pan_asian_rooster_chicken_rice_bowl/product/14134
Shawarma Chicken Rice Bowl,₹149,https://www.freshmenu.com/asian_korean_fried_chicken_rice_bowl/product/12972
Chicken Tikka Rice Bowl,₹149,https://www.freshmenu.com/pan_asian_chilli_paneer_rice_bowl/product/12029
Dragon Paneer Rice Bowl,₹149,https://www.freshmenu.com/world_cuisine_shawarma_chicken_rice_bowl/product/13424
K-Pop Chicken Rice Bowl,₹149,https://www.freshmenu.com/indian_chicken_tikka_rice_bowl/product/12022
Cocktail Chicken Rice Bowl,₹149,https://www.freshmenu.com/asian_dragon_paneer_rice_bowl/product/12771
Guntur Chicken Rice Bowl,₹149,https://www.freshmenu.com/asian_k_pop_chicken_rice_bowl/product/13323
Strip Steak Cheesey Mushroom Rice Bowl,₹149,https://www.freshmenu.com/mexican_cocktail_chicken_rice_bowl/product/13453
Creamy Black Pepper Chicken Rice Bowl,₹149,https://www.freshmenu.com/continental_guntur_chicken_rice_bowl/product/14409
Vegetable Dhansak Rice Bowl,₹149,https://www.freshmenu.com/continental_strip_steak_cheesey_mushroom_rice_bowl/product/13882
Pepper Chicken Rice Bowl,₹149,https://www.freshmenu.com/continental_creamy_black_pepper_chicken_rice_bowl/product/14497
Soboro Don,₹149,https://www.freshmenu.com/continental_vegetable_dhansak_rice_bowl/product/14421
Baked Rosemary Paneer Cilantro Bowl,₹149,https://www.freshmenu.com/continental_pepper_chicken_rice_bowl/product/14411
Crispy Hot Peri Peri Chicken Bowl,₹149,https://www.freshmenu.com/pan_asian_soboro_don/product/12061
Smoke That Bowl,₹149,https://www.freshmenu.com/world_cuisine_baked_rosemary_paneer_cilantro_bowl/product/14266
Honey Mustard Chicken Bowl,₹149,https://www.freshmenu.com/asian_crispy_hot_peri_peri_chicken_bowl/product/14610
Spicy Paneer Mexican Bowl,₹149,https://www.freshmenu.com/pan_asian_smoke_that_bowl/product/10343
Creamy Afghani Chicken Kebab Bowl,₹149,https://www.freshmenu.com/continental_honey_mustard_chicken_bowl/product/11766
Paneer Butter Masala Bowl,₹149,https://www.freshmenu.com/continental_spicy_paneer_mexican_bowl/product/12778
Ghee Roast Chicken Bowl,₹149,https://www.freshmenu.com/mediterranean_creamy_afghani_chicken_kebab_bowl/product/14183
Black Pepper Honey Chicken Bowl,₹149,https://www.freshmenu.com/indian_paneer_butter_masala_bowl/product/4462
Creamy Peri Peri Chicken Bowl,₹149,https://www.freshmenu.com/indian_ghee_roast_chicken_bowl/product/11853
Sholay Paneer Kebab Bowl,₹149,https://www.freshmenu.com/pan_asian_black_pepper_honey_chicken_bowl/product/10381
Butter Chicken Bowl,₹149,https://www.freshmenu.com/mexican_creamy_peri_peri_chicken_bowl/product/12032
Veggie Melange Burrito,₹149,https://www.freshmenu.com/india_sholay_paneer_kebab_bowl/product/14187
Cheesey Chicken Spring Bowl,₹149,https://www.freshmenu.com/indian_butter_chicken_bowl/product/13119
Lemongrass Tofu Bowl,₹149,https://www.freshmenu.com/mexican_veggie_melange_burrito/product/14616
Southwest Grilled BBQ Chicken Bowl,₹149,https://www.freshmenu.com/asian_cheesey_chicken_spring_bowl/product/14614
Classic Mac n Cheese Steak Meal,₹149,https://www.freshmenu.com/asian_lemongrass_tofu_bowl/product/14608
Doujiang Korean Fried Chicken,₹149,https://www.freshmenu.com/continental_southwest_grilled_bbq_chicken_bowl/product/14542
Kampung Chilli Chicken Fried Rice,₹149,https://www.freshmenu.com/continental_classic_mac_n_cheese_steak_meal/product/12918
Chicken Pasta Al Limone,₹149,https://www.freshmenu.com/continental_doujiang_korean_fried_chicken/product/13180
Penne Alfredo,₹149,https://www.freshmenu.com/continental_kampung_chilli_chicken_fried_rice/product/13899
Pesto Paneer Pasta,₹149,https://www.freshmenu.com/world_cuisine_chicken_pasta_al_limone/product/14278
Pasta Al Pesto Popcorn Chicken,₹149,https://www.freshmenu.com/continental_penne_alfredo/product/13549
Chicken Florentine Pasta Bowl,₹149,https://www.freshmenu.com/continental_pesto_paneer_pasta/product/13059
Creamy Mushroom Pasta,₹149,https://www.freshmenu.com/continental_pasta_al_pesto_popcorn_chicken/product/13989
Chargrilled Moroccan Cottage Cheese Burrito,₹149,https://www.freshmenu.com/italian_chicken_florentine_pasta_bowl/product/14274
Mac And Cheese Platter,₹149,https://www.freshmenu.com/continental_creamy_mushroom_pasta/product/11062
Sofrito Tofu Burrito,₹149,https://www.freshmenu.com/mexican_chargrilled_moroccan_cottage_cheese_burrito/product/11886
Spaghetti Alla Trevisana,₹149,https://www.freshmenu.com/continental_mac_and_cheese_platter/product/13427
The Mafias Meal,₹149,https://www.freshmenu.com/mexican_sofrito_tofu_burrito/product/14611
Chicken Steak Ala Cafe De Paris,₹149,https://www.freshmenu.com/italian_spaghetti_alla_trevisana/product/13866
Creamy Harissa Chicken Spaghetti,₹149,https://www.freshmenu.com/continental_the_mafias_meal/product/9865
Classic Spaghetti Meatballs,₹149,https://www.freshmenu.com/continental_chicken_steak_ala_cafe_de_paris/product/12953
Cheesy Peri Peri Chicken Spaghetti,₹149,https://www.freshmenu.com/continental_creamy_harissa_chicken_spaghetti/product/13896
Espagnole Spaghetti,₹149,https://www.freshmenu.com/italian_classic_spaghetti_meatballs/product/13200
Spiced Chicken and Arrabiata Mac,₹149,https://www.freshmenu.com/continental_cheesy_peri_peri_chicken_spaghetti/product/14606
Chicken Spaghetti Al Forno,₹149,https://www.freshmenu.com/continental_espagnole_spaghetti/product/14493
Papalote-Mexican Grill,₹149,https://www.freshmenu.com/italian_spiced_chicken_and_arrabiata_mac/product/13601
Penne Arrabbiata,₹149,https://www.freshmenu.com/continental_chicken_spaghetti_al_forno/product/13047
Chicken Tikka Masala Thali,₹149,https://www.freshmenu.com/mexican_papalote_mexican_grill/product/13356
Butter Chicken Thali,₹149,https://www.freshmenu.com/continental_penne_arrabbiata/product/7136
Paneer Makhani Thali,₹149,https://www.freshmenu.com/indian_chicken_tikka_masala_thali/product/13386
Chargrilled Moroccan Cottage Cheese Superbowl,₹149,https://www.freshmenu.com/indian_butter_chicken_thali/product/13385
Ultimate Burrito Superbowl,₹149,https://www.freshmenu.com/indian_paneer_makhani_thali/product/13388
Stir Fried Chilli Paneer Superbowl,₹149,https://www.freshmenu.com/mexican_chargrilled_moroccan_cottage_cheese_superbowl/product/11898
Grilled BBQ Chicken Superbowl,₹149,https://www.freshmenu.com/continental_ultimate_burrito_superbowl/product/9602
Mexican Burrito Superbowl,₹149,https://www.freshmenu.com/pan_asian_stir_fried_chilli_paneer_superbowl/product/7684
Teriyaki Chicken Superbowl,₹149,https://www.freshmenu.com/mexican_grilled_bbq_chicken_superbowl/product/13054
Smoke that Superbowl,₹149,https://www.freshmenu.com/mexican_mexican_burrito_superbowl/product/11148
Summer Glow Superbowl,₹149,https://www.freshmenu.com/pan_asian_teriyaki_chicken_superbowl/product/8128
Soboro Don Superbowl,₹149,https://www.freshmenu.com/pan_asian_smoke_that_superbowl/product/12096
Chicken Cafe De Paris Superbowl,₹149,https://www.freshmenu.com/continental_summer_glow_superbowl/product/13041
Chicken Francese Superbowl,₹149,https://www.freshmenu.com/pan_asian_soboro_don_superbowl/product/12197
Schezwan Chicken Superbowl,₹149,https://www.freshmenu.com/continental_chicken_cafe_de_paris_superbowl/product/13580
Paneer Butter Masala Superbowl,₹149,https://www.freshmenu.com/continental_chicken_francese_superbowl/product/13056
Creamy Peri Peri Chicken Superbowl,₹149,https://www.freshmenu.com/asian_schezwan_chicken_superbowl/product/10407
Honey Mustard Chicken Superbowl,₹149,https://www.freshmenu.com/indian_paneer_butter_masala_superbowl/product/12738
Paneer Tikka Supergrain Bowl,₹149,https://www.freshmenu.com/mexican_creamy_peri_peri_chicken_superbowl/product/12733
Coqfighter Chicken Superbowl,₹149,https://www.freshmenu.com/continental_honey_mustard_chicken_superbowl/product/12732
Crispy Fried Chicken Superbowl,₹149,https://www.freshmenu.com/indian_paneer_tikka_supergrain_bowl/product/13070
Peri Peri Chicken Superbowl,₹149,https://www.freshmenu.com/asian_coqfighter_chicken_superbowl/product/13574
Signature Roast Chicken Superbowl,₹149,https://www.freshmenu.com/mexican_crispy_fried_chicken_superbowl/product/13578
Sofrito Tofu Superbowl,₹149,https://www.freshmenu.com/continental_peri_peri_chicken_superbowl/product/12991
Rooster Chicken Superbowl,₹149,https://www.freshmenu.com/continental_signature_roast_chicken_superbowl/product/14670
Strip Steak Cheesey Mushroom SuperBowl,₹149,https://www.freshmenu.com/mexican_sofrito_tofu_superbowl/product/14672
Pepper Chicken Superbowl,₹149,https://www.freshmenu.com/pan_asian_rooster_chicken_superbowl/product/14671
Mushroom Veloute Chicken Superbowl,₹149,https://www.freshmenu.com/continental_strip_steak_cheesey_mushroom_superbowl/product/14674
Chicken Maryland Superbowl,₹149,https://www.freshmenu.com/continental_pepper_chicken_superbowl/product/14675
Ghee Roast Chicken Superbowl,₹149,https://www.freshmenu.com/continental_mushroom_veloute_chicken_superbowl/product/14677
Gomashio Crispy Chicken Superbowl,₹149,https://www.freshmenu.com/mexican_chicken_maryland_superbowl/product/14669
Veggie Melange Superbowl,₹339,https://www.freshmenu.com/indian_ghee_roast_chicken_superbowl/product/14676
Chunky Chicken Schezwan Noodles,₹149,https://www.freshmenu.com/asian_gomashio_crispy_chicken_superbowl/product/13577
Dragon Noodles with Dumplings,₹149,https://www.freshmenu.com/mexican_veggie_melange_superbowl/product/14673
Dan Dan Chicken Noodles,₹149,https://www.freshmenu.com/asian_chunky_chicken_schezwan_noodles/product/13001
Shanghai Chicken Noodles,₹149,https://www.freshmenu.com/pan_asian_dragon_noodles_with_dumplings/product/5886
Mixed Veg Hakka Noodles,₹149,https://www.freshmenu.com/pan_asian_dan_dan_chicken_noodles/product/10378
K-Pop Chicken Noodle Bowl,₹149,https://www.freshmenu.com/asian_shanghai_chicken_noodles/product/11821
Chilli Paneer Noodle Bowl,₹149,https://www.freshmenu.com/pan_asian_mixed_veg_hakka_noodles/product/10348
Korean BBQ Noodle Bowl,₹149,https://www.freshmenu.com/asian_k_pop_chicken_noodle_bowl/product/13257
Paneer Manchurian Noodle Bowl,₹149,https://www.freshmenu.com/pan_asian_chilli_paneer_noodle_bowl/product/12030
Pan Asian Egg Chicken Chowmein,₹149,https://www.freshmenu.com/asian_korean_bbq_noodle_bowl/product/13146
Spicy Satay Chicken Ramen,₹149,https://www.freshmenu.com/asian_paneer_manchurian_noodle_bowl/product/13703
Taiwanese Chicken Ramen,₹149,https://www.freshmenu.com/pan_asian_pan_asian_egg_chicken_chowmein/product/10383
Cilantro Lime Ramen,₹149,https://www.freshmenu.com/continental_spicy_satay_chicken_ramen/product/14423
American Lo Mein,₹149,https://www.freshmenu.com/continental_taiwanese_chicken_ramen/product/14425
Lucky 5 Noodle Bowl,₹149,https://www.freshmenu.com/chinese_cilantro_lime_ramen/product/14429
Chicken Jajangmyeon Noodle Bowl,₹149,https://www.freshmenu.com/pan_asian_american_lo_mein/product/10338
Black Pepper Honey Chicken Noodles,₹149,https://www.freshmenu.com/asian_lucky_5_noodle_bowl/product/13143
Schezwan Burnt Garlic Ramen,₹149,https://www.freshmenu.com/asian_chicken_jajangmyeon_noodle_bowl/product/14126
Honey Soy Stir Fry Ramen,₹149,https://www.freshmenu.com/pan_asian_black_pepper_honey_chicken_noodles/product/10380
Chilli Garlic Chicken Noodles,₹149,https://www.freshmenu.com/chinese_schezwan_burnt_garlic_ramen/product/14432
Coqfighter Chicken Bowl,₹149,https://www.freshmenu.com/continental_honey_soy_stir_fry_ramen/product/14427
Teriyaki Chicken Noodle Bowl,₹149,https://www.freshmenu.com/pan_asian_chilli_garlic_chicken_noodles/product/11153
Minced Chicken Sisig Bowl,₹149,https://www.freshmenu.com/asian_coqfighter_chicken_bowl/product/13331
Pan Fried Canton Veg Noodles,₹149,https://www.freshmenu.com/pan_asian_teriyaki_chicken_noodle_bowl/product/10855
Asian Black Pepper Chicken Rice Bowl,₹149,https://www.freshmenu.com/asian_minced_chicken_sisig_bowl/product/14892
Sesame Paneer Curried Noodle Bowl,₹149,https://www.freshmenu.com/asian_pan_fried_canton_veg_noodles/product/14896
Park Street Chili Paneer Noodles,₹149,https://www.freshmenu.com/asian_asian_black_pepper_chicken_rice_bowl/product/14894
Greedy Chicken Curry Bowl,₹149,https://www.freshmenu.com/asian_sesame_paneer_curried_noodle_bowl/product/14898
Keto Peri Peri Grilled Chicken Steak,₹149,https://www.freshmenu.com/asian_park_street_chili_paneer_noodles/product/14902
Keto Cheesy Chicken Steak,₹149,https://www.freshmenu.com/asian_greedy_chicken_curry_bowl/product/14900
Mini Chicken Caesar Salad,₹149,https://www.freshmenu.com/continental_keto_peri_peri_grilled_chicken_steak/product/5803
Chicken Caesar Salad,₹79,https://www.freshmenu.com/continental_keto_cheesy_chicken_steak/product/11490
Maxi Protein Salad,₹149,https://www.freshmenu.com/continental_mini_chicken_caesar_salad/product/14821
Chicken Tikka Salad,₹149,https://www.freshmenu.com/continental_chicken_caesar_salad/product/13550
Paneer Tikka Veggie Delight,₹149,https://www.freshmenu.com/continental_maxi_protein_salad/product/13397
Chick n Egg Protien Salad,₹149,https://www.freshmenu.com/continental_chicken_tikka_salad/product/12884
BBQ Chicken Super Salad,₹149,https://www.freshmenu.com/continental_paneer_tikka_veggie_delight/product/12895
Mini Corn Cucumber Bean Salad,₹149,https://www.freshmenu.com/continental_chick_n_egg_protien_salad/product/12883
Keto Club Chicken Salad,₹79,https://www.freshmenu.com/continental_bbq_chicken_super_salad/product/12892
Mini Peri Peri Chicken Salad,₹149,https://www.freshmenu.com/continental_mini_corn_cucumber_bean_salad/product/13351
Peri Peri Chicken Salad,₹79,https://www.freshmenu.com/continental_keto_club_chicken_salad/product/8648
Mini BBQ-ed Chicken Salad,₹149,https://www.freshmenu.com/continental_mini_peri_peri_chicken_salad/product/14822
BBQ Ranch Chicken Salad,₹79,https://www.freshmenu.com/continental_peri_peri_chicken_salad/product/12894
Mexican Paneer Pomo Salad,₹149,https://www.freshmenu.com/continental_mini_bbq_ed_chicken_salad/product/13353
Russian Chicken Salad,₹149,https://www.freshmenu.com/continental_bbq_ranch_chicken_salad/product/13413
Thai Double Protien Salad,₹149,https://www.freshmenu.com/continental_mexican_paneer_pomo_salad/product/12885
Mexican Fiesta Salad,₹149,https://www.freshmenu.com/continental_russian_chicken_salad/product/14624
Turkish Cottage Cheese And Chickpea Salad,₹149,https://www.freshmenu.com/asian_thai_double_protien_salad/product/14619
Dijon Veggie Salad,₹149,https://www.freshmenu.com/mexican_mexican_fiesta_salad/product/14618
Summer Cooler Salad,₹149,https://www.freshmenu.com/continental_turkish_cottage_cheese_and_chickpea_salad/product/12891
Cream-Of Spinach Corn Soup,₹149,https://www.freshmenu.com/continental_dijon_veggie_salad/product/14628
Creamy Tomato Thyme Soup,₹149,https://www.freshmenu.com/continental_summer_cooler_salad/product/14622
Roasted Garlic Chicken Soup,₹149,https://www.freshmenu.com/italian_cream_of_spinach_corn_soup/product/13752
Pulled Chicken Tikka Keto Meal,₹149,https://www.freshmenu.com/italian_creamy_tomato_thyme_soup/product/13749
Fiery Grilled Chicken Keto Meal,₹149,https://www.freshmenu.com/pan_asian_roasted_garlic_chicken_soup/product/2114
Crispy Shawarma Paneer Keto Meal,₹149,https://www.freshmenu.com/indian_pulled_chicken_tikka_keto_meal/product/14869
Cheesy Herbed Paneer Keto Meal,₹149,https://www.freshmenu.com/world_cuisine_fiery_grilled_chicken_keto_meal/product/14867
Mexican Corn And Paneer Salad,₹149,https://www.freshmenu.com/mediterranean_crispy_shawarma_paneer_keto_meal/product/14865
Citrus Chicken Tikka Salad,₹149,https://www.freshmenu.com/continental_cheesy_herbed_paneer_keto_meal/product/14863
Peanut Sesame Chicken Salad,₹149,https://www.freshmenu.com/continental_mexican_corn_and_paneer_salad/product/14911
Buffalo Chicken Salad,₹149,https://www.freshmenu.com/continental_citrus_chicken_tikka_salad/product/14910
Egg And Beans Salad,₹149,https://www.freshmenu.com/continental_peanut_sesame_chicken_salad/product/14909
Cabbage Millet And Bean Salad,₹149,https://www.freshmenu.com/continental_buffalo_chicken_salad/product/14908
Roasted Chicken And Vegetable Salad,₹149,https://www.freshmenu.com/continental_egg_and_beans_salad/product/14907
Chickpea And Paneer Salad,₹149,https://www.freshmenu.com/continental_cabbage_millet_and_bean_salad/product/14906
Ghee Roast Chicken Wrap,₹149,https://www.freshmenu.com/continental_roasted_chicken_and_vegetable_salad/product/14905
Kolkata Paneer Wrap,₹149,https://www.freshmenu.com/continental_chickpea_and_paneer_salad/product/14904
Chicken Tikka Wrap,₹149,https://www.freshmenu.com/north_indian_ghee_roast_chicken_wrap/product/12229
Shawarma Chicken Egg Wrap,₹149,https://www.freshmenu.com/north_indian_kolkata_paneer_wrap/product/11053
Paneer Popcorn Wrap,₹149,https://www.freshmenu.com/north_indian_chicken_tikka_wrap/product/9245
Butter Chicken Wrap,₹149,https://www.freshmenu.com/indian_shawarma_chicken_egg_wrap/product/13496
Masala Omelette Wrap,₹149,https://www.freshmenu.com/indian_paneer_popcorn_wrap/product/13332
Doner Chicken Wrap,₹149,https://www.freshmenu.com/indian_butter_chicken_wrap/product/13482
Shawarma Chicken Kubooz,₹149,https://www.freshmenu.com/indian_masala_omelette_wrap/product/12230
Spicy Chicken And Cheese Kubooz,₹149,https://www.freshmenu.com/indian_doner_chicken_wrap/product/13481
Paneer Jalapeno Tikka Kubooz,₹149,https://www.freshmenu.com/mediterranean_shawarma_chicken_kubooz/product/14249
Cheesy Chicken Popcorn Kubooz,₹149,https://www.freshmenu.com/mediterranean_spicy_chicken_and_cheese_kubooz/product/14317
Cilantro Bbq Paneer Kubooz,₹149,https://www.freshmenu.com/mediterranean_paneer_jalapeno_tikka_kubooz/product/14247
Peri Peri Grilled Paneer Tortilla Wrap,₹149,https://www.freshmenu.com/mediterranean_cheesy_chicken_popcorn_kubooz/product/14324
Paneer Jalapeno Tikka Tortilla Wrap,₹149,https://www.freshmenu.com/mediterranean_cilantro_bbq_paneer_kubooz/product/14320
Spinach And Corn Tortilla Wrap,₹149,https://www.freshmenu.com/fusion_peri_peri_grilled_paneer_tortilla_wrap/product/14889
Spinach And Mushroom Tortilla Wrap,₹149,https://www.freshmenu.com/fusion_paneer_jalapeno_tikka_tortilla_wrap/product/14887
Kothu Chicken Tortilla Wrap,₹149,https://www.freshmenu.com/fusion_spinach_and_corn_tortilla_wrap/product/14885
Pulled Peri Peri Chicken Tortilla Wrap,₹149,https://www.freshmenu.com/fusion_spinach_and_mushroom_tortilla_wrap/product/14883
Grilled Tikka Tortilla Wrap,₹149,https://www.freshmenu.com/fusion_kothu_chicken_tortilla_wrap/product/14881
Chicken Popcorn Tortilla Wrap,₹149,https://www.freshmenu.com/fusion_pulled_peri_peri_chicken_tortilla_wrap/product/14878
Mediterranean Cottage Cheese Focaccia,₹149,https://www.freshmenu.com/fusion_grilled_tikka_tortilla_wrap/product/14877
BBQ Chicken Focaccia,₹149,https://www.freshmenu.com/fusion_chicken_popcorn_tortilla_wrap/product/14875
Cheesy Grilled Shawarma Focaccia,₹149,https://www.freshmenu.com/continental_mediterranean_cottage_cheese_focaccia/product/13201
Grilled Mediterranean Veg Focaccia,₹149,https://www.freshmenu.com/italian_bbq_chicken_focaccia/product/13324
Peri-Peri Chicken Sandwich,₹149,https://www.freshmenu.com/continental_cheesy_grilled_shawarma_focaccia/product/13325
Chicken Katsu Sandwich,₹149,https://www.freshmenu.com/continental_grilled_mediterranean_veg_focaccia/product/13202
Turkish Kebab Sandwich,₹149,https://www.freshmenu.com/continental_peri_peri_chicken_sandwich/product/14385
Bbq Grill Paneer Sandwich,₹149,https://www.freshmenu.com/continental_chicken_katsu_sandwich/product/14382
Spinach Corn Whole Wheat Sandwich,₹149,https://www.freshmenu.com/continental_turkish_kebab_sandwich/product/14380
Fresh Slaw Whole Wheat Sandwich,₹119,https://www.freshmenu.com/continental_bbq_grill_paneer_sandwich/product/14378
Paneer Popeye Sandwich,₹89,https://www.freshmenu.com/continental_spinach_corn_whole_wheat_sandwich/product/12139
Chicken Tikka Whole Wheat Sandwich,₹119,https://www.freshmenu.com/indian_fresh_slaw_whole_wheat_sandwich/product/12148
Omelette Cheese Whole Wheat Sandwich,₹129,https://www.freshmenu.com/continental_paneer_popeye_sandwich/product/12932
Cheese Chutney Whole Wheat Sandwich,₹119,https://www.freshmenu.com/continental_chicken_tikka_whole_wheat_sandwich/product/12143
Grilled Pesto Chicken Sandwich,₹99,https://www.freshmenu.com/continental_omelette_cheese_whole_wheat_sandwich/product/12142
Cheesy Corn Mushroom Sandwich,₹99,https://www.freshmenu.com/fusion_cheese_chutney_whole_wheat_sandwich/product/12259
Grilled Buffalo Chicken Sandwich,₹149,https://www.freshmenu.com/continental_grilled_pesto_chicken_sandwich/product/13287
Jerk Cottage Cheese Sandwich,₹149,https://www.freshmenu.com/continental_cheesy_corn_mushroom_sandwich/product/13285
American Creamy Corn Sandwich,₹99,https://www.freshmenu.com/continental_grilled_buffalo_chicken_sandwich/product/13289
Classic Chicken with Cheese Sandwich,₹119,https://www.freshmenu.com/continental_jerk_cottage_cheese_sandwich/product/13284
Mexican Pulled Chicken Whole Wheat Sandwich,₹129,https://www.freshmenu.com/continental_american_creamy_corn_sandwich/product/12929
Citrus Chicken Whole Wheat Sandwich,₹129,https://www.freshmenu.com/continental_classic_chicken_with_cheese_sandwich/product/12255
Smokey Chicken and Cheese Sandwich,₹129,https://www.freshmenu.com/continental_mexican_pulled_chicken_whole_wheat_sandwich/product/12147
Homestyle Chicken Whole Wheat Sandwich,₹99,https://www.freshmenu.com/continental_citrus_chicken_whole_wheat_sandwich/product/12149
Farmhouse Toastizza,₹129,https://www.freshmenu.com/continental_smokey_chicken_and_cheese_sandwich/product/13288
Paneer Tikka Toastizza,₹109,https://www.freshmenu.com/continental_homestyle_chicken_whole_wheat_sandwich/product/12144
FarmHouse Garlic Bread,₹109,https://www.freshmenu.com/italian_farmhouse_toastizza/product/14858
Classic Garlic Bread,₹119,https://www.freshmenu.com/italian_paneer_tikka_toastizza/product/14857
Margherita Garlic Bread,₹119,https://www.freshmenu.com/continental_farmhouse_garlic_bread/product/14402
Smoked Chicken Garlic Bread,₹119,https://www.freshmenu.com/continental_classic_garlic_bread/product/14401
Morrocon Cottage Cheese Subwich,₹119,https://www.freshmenu.com/continental_margherita_garlic_bread/product/14406
Honey Mustard Chicken Subwich,₹149,https://www.freshmenu.com/continental_smoked_chicken_garlic_bread/product/14399
Grilled Chicken n Cheese Subwich,₹149,https://www.freshmenu.com/continental_morrocon_cottage_cheese_subwich/product/12809
Creamy Mexicano Subwich,₹149,https://www.freshmenu.com/continental_honey_mustard_chicken_subwich/product/12392
Caesar Chicken Subwich,₹149,https://www.freshmenu.com/continental_grilled_chicken__n_cheese_subwich/product/12944
Greek Chicken Subwich,₹149,https://www.freshmenu.com/continental_creamy_mexicano_subwich/product/12395
Peri Peri Chicken Tikka Subwich,₹149,https://www.freshmenu.com/continental_caesar_chicken_subwich/product/12389
Nashville popcorn chicken Subwich,₹149,https://www.freshmenu.com/continental_greek_chicken_subwich/product/12393
Chilli achaari paneer Subwich,₹149,https://www.freshmenu.com/continental_peri_peri_chicken_tikka_subwich/product/12808
Phiily Cheese Steak Subwich,₹149,https://www.freshmenu.com/continental_nashville_popcorn_chicken_subwich/product/14391
Pepper Chicken Subwich,₹149,https://www.freshmenu.com/continental_chilli_achaari_paneer_subwich/product/14397
Vietnamese Tofu Subwich,₹149,https://www.freshmenu.com/continental_phiily_cheese_steak_subwich/product/14387
Grilled Chicken n Cheese Multigrain Sub,₹149,https://www.freshmenu.com/continental_pepper_chicken_subwich/product/14395
Sausage n Egg Scramble Multigrain Sub,₹149,https://www.freshmenu.com/continental_vietnamese_tofu_subwich/product/14389
Mushroom Corn Cheese Multigrain Sub,₹149,https://www.freshmenu.com/continental_grilled_chicken_n_cheese_multigrain_sub/product/12963
Loaded Paneer Popcorn Multigrain Sub,₹149,https://www.freshmenu.com/continental_sausage_n_egg_scramble_multigrain_sub/product/12965
Cheesy Chicken Club Sandwich,₹149,https://www.freshmenu.com/continental_mushroom_corn_cheese_multigrain_sub/product/12960
Rainbow Club Whole Wheat Sandwich,₹149,https://www.freshmenu.com/continental_loaded_paneer_popcorn_multigrain_sub/product/13428
BBQ Chicken Club Sandwich,₹149,https://www.freshmenu.com/continental_cheesy_chicken_club_sandwich/product/13205
Chicken Tikka Club Sandwich,₹149,https://www.freshmenu.com/continental_rainbow_club_whole_wheat_sandwich/product/12218
Korean Fried Chicken Club Sandwich,₹149,https://www.freshmenu.com/continental_bbq_chicken_club_sandwich/product/3156
Mexicana Chicken Burger,₹149,https://www.freshmenu.com/continental_chicken_tikka_club_sandwich/product/11315
Kimchi Chicken Burger,₹125,https://www.freshmenu.com/continental_korean_fried_chicken_club_sandwich/product/13206
Cheddar Onion Chicken Burger,₹125,https://www.freshmenu.com/continental_mexicana_chicken_burger/product/14833
Bbq Chicken Burger,₹125,https://www.freshmenu.com/continental_kimchi_chicken_burger/product/14829
Maryland Chicken Burger,₹125,https://www.freshmenu.com/continental_cheddar_onion_chicken_burger/product/14823
Classic Chicken Burger,₹125,https://www.freshmenu.com/continental_bbq_chicken_burger/product/14827
Californian Double Chicken Burger,₹125,https://www.freshmenu.com/continental_maryland_chicken_burger/product/14831
Peri Peri Double Chicken Burger,₹149,https://www.freshmenu.com/continental_classic_chicken_burger/product/14825
Sesame Chicken Bites,₹149,https://www.freshmenu.com/continental_californian_double_chicken_burger/product/12119
Crispy Fried American Corn,₹149,https://www.freshmenu.com/continental_peri_peri_double_chicken_burger/product/12335
Honey Chicken Peppers,₹149,https://www.freshmenu.com/pan_asian_sesame_chicken_bites/product/4851
Singapore Chilli Chicken,₹149,https://www.freshmenu.com/pan_asian_crispy_fried_american_corn/product/2908
Chilli Paneer,₹149,https://www.freshmenu.com/pan_asian_honey_chicken_peppers/product/930
Black Pepper Chicken Stir Fry,₹149,https://www.freshmenu.com/asian_singapore_chilli_chicken/product/10283
Veggies in Chilli Garlic Sauce,₹149,https://www.freshmenu.com/pan_asian_chilli_paneer/product/5831
Parmesan Chicken Sticks,₹149,https://www.freshmenu.com/asian_black_pepper_chicken_stir_fry/product/10168
Thai Fried Strips,₹149,https://www.freshmenu.com/pan_asian_veggies_in_chilli_garlic_sauce/product/11220
Pio Pio Chicken,₹149,https://www.freshmenu.com/continental_parmesan_chicken_sticks/product/14156
BBQ-Honey Chilli Chicken,₹149,https://www.freshmenu.com/asian_thai_fried_strips/product/12855
Shaking Chicken,₹149,https://www.freshmenu.com/continental_pio_pio_chicken/product/14495
Schezwan-Corn Nuggets,₹149,https://www.freshmenu.com/asian_bbq_honey_chilli_chicken/product/13754
Crispy-Herb Corn N' nuts,₹149,https://www.freshmenu.com/asian_shaking_chicken/product/14060
Tokyo Tossed Veggie,₹149,https://www.freshmenu.com/asian_schezwan_corn_nuggets/product/13742
Lemongrass Chicken Stirfry,₹149,https://www.freshmenu.com/continental_crispy_herb_corn_n__nuts/product/13778
Nashville Chicken Popcorn,₹149,https://www.freshmenu.com/asian_tokyo_tossed_veggie/product/13564
Mexican Potato Nachos,₹149,https://www.freshmenu.com/continental_lemongrass_chicken_stirfry/product/13161
Chilli Parma Chicken Popcorn,₹149,https://www.freshmenu.com/continental_nashville_chicken_popcorn/product/14195
Cheesy Salsa Crouton Nachos,₹149,https://www.freshmenu.com/mexican_mexican_potato_nachos/product/14189
Asian Hot Garlic Crouton Nachos,₹109,https://www.freshmenu.com/italian_chilli_parma_chicken_popcorn/product/14191
Indian Tadka Crouton Nachos,₹109,https://www.freshmenu.com/continental_cheesy_salsa_crouton_nachos/product/14841
Mexican Crouton Salsa Nachos,₹109,https://www.freshmenu.com/continental_asian_hot_garlic_crouton_nachos/product/14839
Magic Masala Wedges,₹109,https://www.freshmenu.com/continental_indian_tadka_crouton_nachos/product/14835
Cheesy Wedges,₹149,https://www.freshmenu.com/continental_mexican_crouton_salsa_nachos/product/14837
Peri Peri Potato Wedges,₹160,https://www.freshmenu.com/fusion_magic_masala_wedges/product/10935
Homemade Chocolate-Cake,₹219,https://www.freshmenu.com/italian_cheesy_wedges/product/13663
Blueberry Oatmeal Cake,₹149,https://www.freshmenu.com/pan_asian_peri_peri_chicken_65/product/3996
Dutch Truffle Cake,₹75,https://www.freshmenu.com/pan_asian_peri_peri_chicken_65/product/3996
Crumble-Blueberry-Cake,₹99,https://www.freshmenu.com/fusion_peri_peri_potato_wedges/product/10936
Espresso and Praline Cake,₹99,https://www.freshmenu.com/world_cuisine_homemade_chocolate_cake/product/7946
Triple Fantasy Cake,₹99,https://www.freshmenu.com/world_cuisine_blueberry_oatmeal_cake/product/9042
Mango Souffle Pie,₹45,https://www.freshmenu.com/world_cuisine_dutch_truffle_cake/product/11158
Cappuccino Brownie,₹99,https://www.freshmenu.com/world_cuisine_crumble_blueberry_cake/product/9512
Toffee Fruit Pudding,₹75,https://www.freshmenu.com/world_cuisine_espresso_and_praline_cake/product/14855
Mint Lemonade,₹89,https://www.freshmenu.com/world_cuisine_triple_fantasy_cake/product/12280
Mint Chaas,₹89,https://www.freshmenu.com/world_cuisine_mango_souffle_pie/product/14861
Masala Lemonade,₹79,https://www.freshmenu.com/world_cuisine_cappuccino_brownie/product/14912
